Title,Author(s),Year
73 ADHD-Friendly Ways to Organize Your Life Now,ADDitude Experts,2025
73 ADHD-Friendly Tips,ADDitude Experts,2025
A Radical Guide for Women with ADHD: Embrace,"Solden, Sari; Frank, Michelle; Littman, Ellen",2019
ADHD 2.0: New Science and Essential Strategies for Thriving,"Hallowell, Edward M.; Ratey, John J.",2021
Brain Brilliance: 60 Nourishing Recipes and a Nutritional,"Miller, Lucinda",2024
Building a Second Brain,"Forte, Tiago",2022
"Co-Active Coaching, Fourth Edition","Kimsey-House, Henry; Kimsey-House, Karen; Sandahl, Phillip; Whitworth, Laura",2018
Daily Routine Examples from Adults with ADHD,ADDitude,2025
Do Hard Things,"Magness, Steve",2022
Does ADHD Coaching Work? Benefits and Research,Medical News Today,2023
Driven to Distraction (Revised),"Hallowell, Edward M.; Ratey, John J.",2011
Feel-Good Productivity,"Abdaal, Ali",2023
Healthy Happy ADHD,"Dee, Lisa",2025
How to ADHD,"McCabe, Jessica",2024
How to Keep House While Drowning,"Davis, KC",2022
How to Thrive with Adult ADHD,"Kustow, James",2024
Immunity to Change,"Kegan, Robert; Lahey, Lisa Laskow",2009
It All Makes Sense Now,"Carder, Meredith",2024
"Lazy, Crazy, and Disgusting","Brewis, Alexandra; Wutich, Amber",2019
Mad About Money,"Alexander-Grout, Maddy",2025
Man's Search for Meaning,"Frankl, Viktor",1946
Motivational Interviewing,"Miller, William R.; Rollnick, Stephen",2023
Nutrition for ADHD and Dyslexia,"Derbyshire, Emma",2025
"One Weird Trick to Quit Stupid, Timewasting Content","Sclera, Skye",2025
Order from Chaos,"Paul, Jaclyn L.",2018
"Play: How it Shapes the Brain, Opens the Imagination, and Invigorates the Soul","Brown, Stuart; Vaughan, Christopher",2009
Productivity With ADHD - Complete Guide,"DOMI, Ju",2025
Real Self-Care,"Lakshmin, Pooja",2023
Scattered Minds,"Maté, Gabor",1999
Small Talk,"Pink, Richard; Pink, Roxanne",2024
Small Talk: 10 ADHD Lies,"Pink, Richard; Pink, Roxanne",2024
Start Finishing,"Gilkey, Charlie",2019
Succeeding With Adult ADHD,"Levrini, Abigail L.",2023
The ADHD Effect on Marriage,"Orlov, Melissa",2010
The Anti-Planner,"Donovan, Dani",2022
The Art of Gathering,"Parker, Priya",2018
The Body Keeps the Score,"van der Kolk, Bessel A.",2014
The Coaching Habit,"Stanier, Michael Bungay",2016
The Mountain Is You,"Wiest, Brianna",2020
The Neurodivergence Skills Workbook for Autism and ADHD,"Kemp, Jennifer; Mitchelson, Monique",2024
The Neurodiversity Edge,"Dunne, Maureen",2024
The PARA Method,"Forte, Tiago",2023
The Power of Moments,"Heath, Chip; Heath, Dan",2017
The Smart but Scattered Guide to Success,"Dawson, Peg; Guare, Richard",2015
The Disorganized Mind,"Ratey, Nancy A.",2008
Tiny Experiments,"Le Cunff, Anne-Laure",2025
Tiny Habits,"Fogg, B.J.",2020
Unapologetically ADHD,"Kinzer, Nikki; Wright, Pete D.",2024
Women with Attention Deficit Disorder,"Solden, Sari",2013
"You Mean I'm Not Lazy, Stupid or Crazy?!","Kelly, Kate; Ramundo, Peggy",2006