name,description,example,use_case,source,price,adhd_friendly_improvement,feeling_1,feeling_2,issue_1,issue_2,issue_3,barrier_type,help_task,task_context_tags,energy_state_tags,mental_state_tags,solution_type_tags,strategy_style_tags
5-Minute Timer Trick,Set a timer for 5 minutes and just start — even one action counts.,You're dreading writing an email — so you set a timer and just open the doc.,"When you're overwhelmed, avoiding, or can’t start.",Reddit /r/ADHD,Free,Consider pairing with a visual prompt or reward.,Stuck,Ashamed,Can't Focus,Can't Start,Can't Focus,Task Initiation,Planning my time,"Cleaning, Meal Prep",Low Energy,"Spiraling, Forgetful","Gamification, Checklist","Auditory, Reflective"
Clean by Category,Group messy items by category instead of location for easier progress.,"Your kitchen is a disaster, so you start by collecting *only* dishes.","When you're overwhelmed, avoiding, or can’t start.",Reddit /r/ADHD,Free,Consider pairing with a visual prompt or reward.,Unmotivated,Unmotivated,Can't Start,Can't Focus,Disorganized,Perfectionism,Getting through emails,"Work, Cleaning",Low Energy,"Spiraling, Overthinking","Gamification, Playlist","Visual, Auditory"
Checklist in the Mirror,Write your checklist on the bathroom mirror to boost visibility and follow-through.,You forget your to-do list unless it's in your face — so you use the mirror.,"When you're overwhelmed, avoiding, or can’t start.",Reddit /r/ADHD,Free,Consider pairing with a visual prompt or reward.,Anxious,Ashamed,Frozen/Shut Down,Avoidant,Disorganized,Perfectionism,Cleaning up,"Planning, Work",Low Energy,"Frozen, Avoidant","Playlist, Journal Prompt","Gamified, Visual"
Reward Yourself First,Give yourself a reward *before* you do the task — use dopamine as bait.,You give yourself chocolate *before* cleaning the bathroom to jumpstart it.,"When you're overwhelmed, avoiding, or can’t start.",Reddit /r/ADHD,Free,Consider pairing with a visual prompt or reward.,Ashamed,Stuck,Can't Focus,Avoidant,Disorganized,Emotional Dysregulation,Planning my time,"Planning, Work",Wired but Tired,"Overthinking, Frozen","Playlist, Gamification","Reflective, Visual"
Visual Countdown Board,Use a dry-erase board with a countdown to make time feel visible and motivating.,"You feel time slipping, so you use a visual countdown to re-anchor.","When you're overwhelmed, avoiding, or can’t start.",Reddit /r/ADHD,Free,Consider pairing with a visual prompt or reward.,Stuck,Anxious,Avoidant,Avoidant,Can't Start,Task Initiation,Cleaning up,"Meal Prep, Cleaning",Low Energy,"Frozen, Overthinking","Journal Prompt, Routine","Interactive, Reflective"
One-Song Clean,Clean for one song — then decide if you want to keep going or not.,"You're not sure if you'll clean, but you play one song and move during it.","When you're overwhelmed, avoiding, or can’t start.",Reddit /r/ADHD,Free,Consider pairing with a visual prompt or reward.,Anxious,Stuck,Can't Focus,Can't Focus,Disorganized,Task Initiation,Being kinder to myself,"Cleaning, Meal Prep",Burnout,"Overthinking, Spiraling","Journal Prompt, Checklist","Visual, Reflective"
Start Before Coffee,Start your task before coffee. The reward becomes part of the routine.,"You fill out a form before your coffee, and it turns into a daily ritual.","When you're overwhelmed, avoiding, or can’t start.",Reddit /r/ADHD,Free,Consider pairing with a visual prompt or reward.,Anxious,Overwhelmed,Disorganized,Disorganized,Avoidant,Perfectionism,Being kinder to myself,"Work, Emails",Wired but Tired,"Spiraling, Frozen","Playlist, Journal Prompt","Auditory, Interactive"
Gamified Inbox Cleanout,"Make email cleaning a game: star important, delete junk, save favorites.",Your inbox is scary — so you score points for deleting or replying quickly.,"When you're overwhelmed, avoiding, or can’t start.",Reddit /r/ADHD,Free,Consider pairing with a visual prompt or reward.,Ashamed,Overwhelmed,Can't Start,Frozen/Shut Down,Disorganized,Executive Dysfunction,Being kinder to myself,"Planning, Meal Prep",Burnout,"Spiraling, Overthinking","Routine, Journal Prompt","Gamified, Auditory"
Sticky Note Sprint,Stick 3–5 post-its on the wall and race to finish them one at a time.,"You can't start, but post-its make it feel like a challenge instead of a chore.","When you're overwhelmed, avoiding, or can’t start.",Reddit /r/ADHD,Free,Consider pairing with a visual prompt or reward.,Stuck,Overwhelmed,Disorganized,Disorganized,Can't Focus,Perfectionism,Getting through emails,"Meal Prep, Planning",Wired but Tired,"Spiraling, Avoidant","Playlist, Checklist","Interactive, Gamified"
Color-Coded Planner Hack,"Use colored pens to make your planner visual, playful, and dopamine-friendly.","Your planner is dull, so you color-code it and find yourself opening it more.","When you're overwhelmed, avoiding, or can’t start.",Reddit /r/ADHD,Free,Consider pairing with a visual prompt or reward.,Unmotivated,Overwhelmed,Can't Focus,Can't Start,Can't Focus,Task Initiation,Starting something hard,"Cleaning, Planning",Burnout,"Overthinking, Forgetful","Routine, Gamification","Auditory, Visual"
Self-Compassion Mirror Talk,Talk to yourself in the mirror using a forgiveness script after a tough ADHD moment.,You feel ashamed after forgetting something — so you try a self-kindness talk.,"When you're overwhelmed, avoiding, or can’t start.",Reddit /r/ADHD,Free,Consider pairing with a visual prompt or reward.,Unmotivated,Unmotivated,Can't Focus,Can't Focus,Avoidant,Emotional Dysregulation,Starting something hard,"Meal Prep, Emails",Wired but Tired,"Spiraling, Frozen","Journal Prompt, Routine","Visual, Reflective"
3-Item Task List,Limit your task list to 3 items per day to reduce overwhelm and increase follow-through.,You always over-plan — but 3 items a day keeps you actually moving.,"When you're overwhelmed, avoiding, or can’t start.",Reddit /r/ADHD,Free,Consider pairing with a visual prompt or reward.,Unmotivated,Overwhelmed,Disorganized,Can't Focus,Can't Start,Emotional Dysregulation,Getting through emails,"Emails, Work",Low Energy,"Frozen, Overthinking","Routine, Journal Prompt","Reflective, Auditory"
Accountability Bingo,Create a bingo card of productive things and check them off non-linearly.,You hate task lists — but a bingo format makes it fun again.,"When you're overwhelmed, avoiding, or can’t start.",Reddit /r/ADHD,Free,Consider pairing with a visual prompt or reward.,Stuck,Stuck,Frozen/Shut Down,Can't Focus,Can't Start,Executive Dysfunction,Starting something hard,"Planning, Work",Burnout,"Frozen, Overthinking","Journal Prompt, Routine","Interactive, Auditory"
Feelings Parking Lot,Write your thoughts down first so they don’t clutter your strategy session.,"You feel mentally messy, so you 'park' your thoughts before making a plan.","When you're overwhelmed, avoiding, or can’t start.",Reddit /r/ADHD,Free,Consider pairing with a visual prompt or reward.,Anxious,Anxious,Frozen/Shut Down,Can't Start,Can't Start,Executive Dysfunction,Getting through emails,"Emails, Meal Prep",Burnout,"Spiraling, Frozen","Journal Prompt, Playlist","Gamified, Auditory"
Calm-Down Drawer Setup,Build a drawer or box of comfort tools to help you reset when things feel like too much.,"You crash hard after work, but your drawer has calming sensory items inside.","When you're overwhelmed, avoiding, or can’t start.",Reddit /r/ADHD,Free,Consider pairing with a visual prompt or reward.,Stuck,Ashamed,Frozen/Shut Down,Avoidant,Disorganized,Task Initiation,Being kinder to myself,"Work, Meal Prep",Wired but Tired,"Spiraling, Frozen","Journal Prompt, Playlist","Interactive, Visual"
