name,description,feeling,issue,type,mode,barrier_type,use_case,source,price,tags,adhd_friendly_improvement,example
No-Cook Meal Guide: 100 Ready-to-Eat Options,"A https://blackgirllostkeys.com/adhd/100-no-cook-meal-items/ from René Brooks of Black Girl Lost Keys, organized in 10 categories (produce, deli, seafood, meats, bakery, convenience, dairy, frozen, snacks, and queasy-day foods). Bookmark this list on your phone for those days when cooking feels impossible but you still need to eat. ","Anxious, Overwhelmed, Stressed, Unmotivated","Can't Start, Frozen/Shut Down, Tired/Burnt Out",Technique,Practical,Task Initiation,"Low-energy day, Meal planning",Black Girl Lost Keys,$,"executive dysfunction, low energy, meal planning",,
Audio Companionship: Podcast Body Doubling,"Put on a chatty podcast or talk radio while tackling boring tasks. The background voices trick your brain into feeling like someone's there with you, making it easier to start and stick with chores or work. Choose something interesting enough to keep you company but not so gripping that you stop to listen.",Unmotivated,"Avoidant, Bored, Can't Start",Technique,Auditory,Task Initiation,"Housework, Studying",Reddit /r/ADHDWomen,Free,"background noise, body doubling, focus hack","Consider creating a dedicated ""task companion"" playlist with podcasts specifically selected for different activities. Fast-paced, energetic shows for cleaning; calmer, steadier voices for detailed work. Having these ready to go removes the decision fatigue of choosing what to listen to when you're already struggling to start a task.","You're staring at a mountain of dishes but can't seem to start. Put on an episode of your favorite interview podcast and suddenly you're scrubbing away while feeling like you have friends chatting nearby. The time passes more quickly, and you find yourself getting through the whole sink without even realizing it."
Tomorrow Setup Routine,"Take 10 minutes before bed to set up future-you for success: lay out clothes, pack your bag, and prep anything you'll need in the morning. Your groggy morning brain will thank you for removing all those little decisions when you're most likely to get derailed.","Overwhelmed, Unmotivated","Can't Start, Forgetful, Missed appointments",Routine,Reflective,Decision Fatigue,Before bed on workdays,Reddit /r/ADHDWomen,Free,"decision reduction, morning routine, night owl","Create a physical checklist of your 'tomorrow setup' items and laminate it or put it in a page protector. Keep it where you'll see it before bed (like on your pillow) so you don't have to remember what to prepare, just follow the list.","You consistently rush in the mornings and forget important items. In the evening, you set a 10-minute timer and: lay out your complete outfit (including accessories), pack your work bag with everything you need for tomorrow, set out your breakfast dishes, and place your keys by the door. The next morning, you flow through your routine without the usual panic and make it to your meeting on time."
Task-Specific Playlists,"Create dedicated playlists for specific tasks or moods, like one for cleaning that makes you want to dance, or a focus playlist that helps your brain settle. Music works as a dopamine boost and can transform a dreaded task into something you might actually look forward to.","Stuck, Unmotivated","Avoidant, Bored, Can't Start",Technique,"Embodied, Sensory",Low dopamine/Motivation,"Cleaning your space, Low-energy day, Morning/Evening routine",The Anti-Planner,Free,"dopamine boost, habit bundling, music therapy",Name your playlists by their purpose rather than genre (like 'Bathroom Cleaning Power Hour' instead of 'Upbeat Mix'). This creates a stronger association between the music and the task it's meant to support.,"You notice you always put off cleaning the bathroom. You create a 20-minute playlist with your favorite high-energy songs that make you want to move. Now when you need to clean, you hit play and challenge yourself to finish before the playlist ends, turning a dreaded chore into a mini dance party."
Pep Talk Playlist,"Sometimes when you're stuck, watching a single short motivational video can provide that missing spark. Keep a small collection of videos that actually help you, and stick to just one at a time to avoid turning it into another distraction.","Stuck, Unmotivated","Avoidant, Can't Start, Frozen/Shut Down",Technique,"Reflective, Sensory",Low dopamine/Motivation,"Low-energy day, Morning Routine, Task Initiation",The Anti-Planner,Free,"dopamine boost, motivation hack",,
Delivery Time Productivity Window,"Order delivery, then use that waiting window as a focused productivity burst. The approaching food creates a natural deadline that can motivate you to tackle quick tasks before your meal arrives. Perfect for days when cooking feels impossible but you still want to accomplish something.",Disorganized,"Can't Start, Disorganized, Poor Time Estimation",Technique,Interactive,"Task Initiation, Time Blindness","Apartment Reset, Low-energy day, Quick Cleanup","How to Keep House While Drowning, The Anti-Planner",$$,"external deadline, food motivation, time boxing",Create a 'delivery time task list' with 3-5 quick wins that take under 5 minutes each. Keep it on your phone or fridge so you can immediately jump into action as soon as you place your order.,"You order your favorite Thai food with a 40-minute delivery estimate. Instead of scrolling while waiting, you set a timer for 30 minutes and quickly tidy your living space, gathering trash, putting away 5 items, and wiping one surface. When food arrives, you enjoy it in a cleaner space and feel accomplished."
Roadblock Detective,"When you're staring at a task but can't make yourself start, play detective with your own brain. Ask yourself: ""What EXACTLY is stopping me right now?"" Missing info? Unclear steps? Secret fear? Write it down super specifically. Once you name the actual block, you'll know what tiny next step can get you unstuck.",Stuck,"Anxious, Avoidant, Can't Start, Frozen/Shut Down","Analysis, Technique",Reflective,Task Initiation,"Project stalls, When procrastinating, Work blocks",The Anti-Planner,Free,"getting unstuck, procrastination, task initiation","Create a ""Roadblock Menu"" with common blocks you face (fear of rejection, unclear instructions, too many steps, etc.) and keep it visible. When stuck, scan the menu first - it's often easier to recognize your block from a list than to generate it from scratch when your brain is already overwhelmed.","You've been avoiding an important email for three days. Instead of beating yourself up, you grab a sticky note and write: ""I can't start this email because I'm not sure how to phrase the budget request without sounding demanding."" Aha! Now you see the specific block. Your next step becomes clear: text a colleague to ask how they've handled similar requests, or draft just the facts of the request first without worrying about tone."
Focus Environment Blueprint,"Stop forcing your brain to focus in environments it hates. Figure out where you actually work best (light, sound, time of day, posture), then hack your space to match. Need coffee shop vibes? Use a background noise app. Can't sit still? Try a standing desk. Working with your brain's quirks is way smarter than fighting them.","Scattered, Stuck","Avoidant, Can't Focus, Can't Start","Environmental Shift, Technique",Reflective,Overstimulation,"Creative projects, Study sessions, Work productivity",The Anti-Planner,Free,"environmental design, focus, sensory needs","Create a ""focus environment checklist"" with questions about sensory preferences: Light level? Background noise? Temperature? Sitting/standing? Movement needed? Then make a portable kit with items that help (noise-canceling headphones, fidget toy, light-blocking glasses, etc.) so you can quickly adapt any space to your brain's requirements.","You've been trying to write a report at your desk for hours but keep getting distracted. Take a moment to reflect on where you've felt most focused in the past. You realize you work best in the morning, with natural light, some background noise, and the ability to fidget. So you move to a table by the window, put on coffee shop sounds, grab a stress ball to squeeze, and suddenly find yourself able to write three pages without checking your phone once."
Motivation Emergency Kit,"Create a personalized list of motivation boosters that actually work for YOUR brain, like that one song that gets you moving, a specific YouTube video, or even just going outside. When you're totally flat, don't waste energy deciding what might help, just grab something from your pre-made list and let it jumpstart your brain.","Stuck, Unmotivated","Avoidant, Bored, Can't Start",Technique,"Reflective, Sensory",Low dopamine/Motivation,"Beginning a big task, Creativity block, Low-energy day",The Anti-Planner,Free,"inspiration, motivation, starter kit","Create a physical version of your motivation kit—an actual box or folder with printed quotes, a small object that inspires you, or cards with simple actions written on them. The tactile nature adds another sensory dimension that can help break through brain fog when digital solutions feel too flat.","You're sitting at your desk staring at a report you need to write, but your brain feels completely empty. Instead of forcing it or giving up, you open your Motivation Emergency Kit and choose ""listen to Pink’s 'So What' while dancing around the room."" After three minutes of movement and music, your energy has shifted just enough to write the first paragraph, which is all you needed to get the momentum going."
Grime & Punishment,Transform boring cleaning into a fun adventure by pretending you're the hero defeating the villain 'Grime.' Act like you're a crime scene investigator or in a cleaning competition. Your imagination makes chores way less boring and helps you actually start.,"Stuck, Unmotivated","Avoidant, Can't Start",Technique,"Creative, Gamified",Task Initiation,"Cleaning tasks, Cleaning your space",The Anti-Planner,Free,"cleaning, gamification, motivation","Add a small reward system to boost the dopamine hit - for example, ""After defeating each 'crime scene,' take a quick victory photo or give yourself a small reward to celebrate your win against Grime.""","You're facing a kitchen with piles of dirty dishes. Instead of getting overwhelmed, you imagine you're a detective at a 'crime scene' where the villain 'Grime' has struck. As you clean each area, you're gathering evidence and solving the case, making satisfying progress instead of just doing a boring chore."
Work Mode Activation Ritual,"Create a consistent mini-routine that tells your brain ""it's go time."" Maybe it's brewing that special coffee, queuing up your focus playlist, or putting on your work sweater, whatever creates a mental switch from ""blah"" to ""let's do this."" Your brain craves these consistent cues when motivation's hiding.","Stuck, Unmotivated","Avoidant, Can't Focus, Can't Start",Routine,"Environmental Shift, Sensory","Low dopamine/Motivation, Task Initiation","Beginning Focused Work, Morning Routine, Transition Times",The Anti-Planner,"$, Free","focus ritual, productivity, transitions",Add a physical object that you only touch during work time (like special headphones or a specific pen). Having a tangible item creates a stronger sensory anchor for your ritual and gives your restless hands something specific to reach for when initiating tasks feels hard.,"You've been staring at your laptop for 20 minutes, scrolling between tabs instead of starting that report. Step away briefly to make your ""work chai"" with the special mug, put on your focus playlist, and light that one candle you only use during deep work. This 3-minute ritual creates a mental shift that makes starting feel less impossible. Your brain now recognizes these cues mean ""we're doing the thing now."""
Decision Fortune Teller,"Overcome decision paralysis with a playful paper ""fortune teller"" filled with tasks or options. When stuck, this origami game from childhood randomly selects your next action, bypassing overthinking and making starting fun through gamification and chance. 

Watch this https://www.youtube.com/watch?v=SAhiIlTxUYA&ab_channel=PPO for instructions on how to make the fortune teller. ","Stuck, Unmotivated","Avoidant, Can't Decide, Can't Start","Challenge, Technique","Creative, Gamified",Decision Paralysis,"Breaking decision paralysis, Overwhelmed by options, Working through a boring task",The Anti-Planner,Free,"decision making, playful tools, starting tasks",Create a digital version by using a random choice generator app with customizable options - this way you always have it on your phone and can update the options based on current projects without needing to fold a new paper version.,"You're sitting at your desk with an overwhelming to-do list and can't decide which task to tackle first. Instead of continuing to stare at your list, you pull out your pre-made fortune teller with 8 common tasks written inside (email, filing, phone calls, quick wins, etc.). After playing the folding game, it reveals ""quick wins"" - giving you permission to start with something small and build momentum."
My Favorite Excuses,"Create a two-column list of your go-to excuses ('I'll do it later,' 'I need to feel inspired first') and pair each with a reality check ('Later I'll be even more tired,' 'Most tasks start boring but get easier'). Having these pre-written rebuttals helps you recognize and counter procrastination patterns in real-time.",Unmotivated,"Avoidant, Can't Start, Procrastinating","Analysis, Mindset Reframe, Technique",Reflective,Task Initiation,"Before starting difficult tasks, Planning session, When procrastinating",The Anti-Planner,Free,"procrastination, self-awareness, task initiation",Make your Excuse Buster List visually striking by using different colored highlighters for the excuses and rebuttals. Hang it somewhere you'll see when you typically procrastinate (like above your desk or on the fridge). The visual pop of color makes it harder to ignore and easier for your brain to engage with when motivation is low.,"You've been avoiding starting your tax paperwork for weeks. You look at your Excuse Buster List and see you've written: 'Excuse: I need several uninterrupted hours to do taxes, and I don't have that right now.' Next to it is your rebuttal: 'Reality: I can gather receipts for 10 minutes today, categorize expenses tomorrow, and work in small chunks. Starting with one small step is better than waiting for the perfect time that never comes.' This gives you the push to at least open the folder and sort one category of receipts."
Energy Mapping,"Track your natural energy patterns throughout the day/week, then match tasks to your energy levels. Schedule focused work during peak hours and give yourself permission to do simpler tasks (or rest) during low-energy periods.","Burned Out, Overwhelmed","Can't Focus, Can't Start, Time Blind","Analysis, Technique","Reflective, Visual","Executive Dysfunction, Low dopamine/Motivation","Planning session, Sunday reset, When productivity feels hard",The Anti-Planner,Free,"energy management, productivity, self-awareness","Create a simple visual energy tracker using color coding (green=high energy, yellow=moderate, red=low) on your calendar or planner. The visual pattern makes it easier to spot trends without having to analyze a lot of data, and the colors create an intuitive system your brain can process at a glance.","You've been frustrated trying to write reports in the afternoon when you constantly lose focus. After tracking your energy for a week, you discover you're naturally sharp from 9-11am but crash after lunch. Now you schedule writing tasks during your morning peak and switch to emails or meetings in the afternoon. You stop fighting your natural rhythm and actually finish more work with less struggle."
External Accountability Boosters,"Create external pressure when motivation is low by setting up accountability systems: tell someone your deadline, join a work group, or use apps that notify others if you don't check in. These external structures mimic the pressure that helps ADHD brains take action.",Unmotivated,"Avoidant, Can't Finish, Can't Start",Technique,Interactive,Low dopamine/Motivation,"Staying engaged, Working through a boring task",The Anti-Planner,Free,"accountability, body doubling, external motivation","Add a ""Success Pack"" concept (from the search results) - suggesting that the user identify and list specific people who could serve different accountability roles: the cheerleader (encouragement), the checker (deadline enforcement), and the collaborator (work alongside you). Having this accountability ""menu"" makes it easier to match the right type of support to different tasks",You notice you've been putting off creating a presentation for weeks. You text your friend saying 'I'll send you the first three slides by 2pm today' and ask them to check in if they don't hear from you. Knowing someone is expecting your work creates just enough pressure to help you overcome the initial resistance to starting.
Clean By Numbers,"Assign numbers to cleaning tasks or sections of a messy space, then tackle them in order or roll a die to choose what to clean next. The structure adds playfulness while breaking overwhelming spaces into manageable chunks.",Overwhelmed,"Can't Start, Messy","Challenge, Environmental Shift, Technique","Embodied, Gamified",Task Initiation,"Cleaning your space, Low-energy day",The Anti-Planner,Free,"cleaning, gamification, structure",,"You divide your cluttered bedroom into 6 sections, numbering each. Roll a die to determine which section to tackle first. Spend 15 minutes on that section before rolling again. This makes a daunting cleaning job feel more like a game with clear starting points. You can add time boxing by limiting each section to 10-15 minutes for extra challenge and to prevent hyperfocus on one area. "
Micro-Task Method,"Transform overwhelming projects into bite-sized pieces so small they feel almost silly. Instead of 'clean kitchen,' try 'put away one spoon.' This tricks your brain past the intimidation barrier and builds momentum through quick wins.",Overwhelmed,"Can't Finish, Can't Start, Frozen/Shut Down",Technique,Reflective,Task Initiation,,The Anti-Planner,Free,task breakdown,,"When you're staring at a messy bedroom feeling totally frozen, don't think 'clean the room.' Instead, tell yourself 'I'm just going to pick up one sock.' Once that's done, you might think 'I could probably put away three shirts too.' Before you know it, you've built momentum by completing several micro-tasks that your brain didn't have time to resist."
Body Doubling,Work alongside someone else (in-person or virtually) while each of you does your own tasks. The mere presence and accountability of another person helps you stay on track and resist distractions.,Stuck,"Avoidant, Can't Focus, Can't Start","Environmental Shift, Technique",Interactive,Task Initiation,"Starting difficult tasks, Staying engaged, Working through a boring task",The Anti-Planner,Free,"accountability, body doubling, focus",,"When you're struggling to start or stay focused on a report, you can ask a friend to work virtually with you over video chat. You don't even need to talk much - just knowing they're there working on their own stuff creates enough gentle pressure to help your brain engage. You might say 'I'm going to work on my report for 30 minutes, can you work on something too so we keep each other company?"
Task Avoidance BINGO,Create a 5x5 bingo card with small tasks you've been avoiding. Mark them off as you complete them to aim for lines or a full card. The game format turns boring chores into a visual challenge with built-in dopamine rewards for each completion.,Unmotivated,"Avoidant, Can't Decide, Can't Start",Challenge,Gamified,Task Initiation,"Can’t decide where to start, Working through a boring task",The Anti-Planner,Free,"gamification, task avoidance, visual tracking",,
Accountability Betting,"Create small bets with yourself or others to boost task completion. Examples: add $5 to your vacation fund when you finish studying, send an embarrassing “I didn’t do it 🫣” text to your accountability buddy, or treat yourself after completing 5 workouts. These mini-stakes create just enough pressure to push through when motivation is low.",Unmotivated,"Bored, Can't Finish, Can't Start",Technique,Gamified,Low dopamine/Motivation,"Starting difficult tasks, Staying engaged, Working through a boring task",The Anti-Planner,Free,"accountability, motivation, rewards",,"When you're struggling to finish your portfolio, you could bet your roommate $10 that you'll complete one section each day for a week. Put the money in an envelope on the fridge, and they get to keep any amount left if you miss days. This way, you might finish 6/7 sections and only lose $10, which feels like a win compared to another month of procrastination."
Thought Capture Pad,"Keep a small notepad within arm's reach whenever you're working. When those random thoughts pop in ('buy cat food!' or 'text mom back!'), scribble them down immediately and get back to work. It's like giving your brain permission to let go of the thought without spiraling into a 30-minute detour.","Scattered, Stuck","Can't Finish, Disorganized, Forgetful","Product, Technique",Interactive,Working Memory Failures,"Deep work, Study sessions, Work focus",The Anti-Planner,"$, Free","brain dump, distraction management, focus hack","Use a notepad with pre-divided sections (like 'To Buy', 'To Google', 'To Do Later', 'Random Ideas') so you can quickly categorize thoughts without having to organize them later.","You're finally in the flow working on a project when suddenly you remember you need to pay your phone bill. Instead of switching tasks and losing 20 minutes, you quickly jot 'pay phone bill' on your notepad and immediately return to your work. Later, you check your notepad and handle those captured tasks when you're at a good stopping point."
Joy-Pairing: Make Dreaded Tasks Enjoyable,"Pair tasks you hate with things you genuinely enjoy, like watching your favorite show ONLY while folding laundry or listening to that addictive podcast ONLY when cleaning. Your brain gets a dopamine boost from the fun thing, making the boring task feel less awful and helping you actually get started.","Stuck, Unmotivated","Avoidant, Bored, Can't Start",Technique,Sensory,Low dopamine/Motivation,"Low-energy day, Making boring chores fun, Tasks you repeatedly avoid",The Anti-Planner,Free,"dopamine boost, habit bundling, task initiation","Create visual reminders of your pairings (like a sticky note on your laptop that says ""Files = Special Playlist!"") so you remember the system when you're avoiding the task. You could also set a timer for just 15 minutes of the paired activity to make starting feel less overwhelming.","You've been putting off organizing your digital files for weeks because it feels boring and overwhelming. You decide to create a special ""File Organization"" playlist with your favorite upbeat songs and only allow yourself to listen to it while sorting files. The music makes the task more enjoyable, and you find yourself actually looking forward to the next organizing session because you get to hear your special playlist."
Beat Your Best Challenge,"Race against yourself by turning boring tasks into personal challenges with concrete scores. Time how fast you can clean the bathroom or count how many emails you clear in 15 minutes, then try to beat that record next time. Your brain loves breaking its own high score, instant dopamine for tasks you'd normally avoid.",Unmotivated,"Avoidant, Bored, Can't Start","Challenge, Technique","Gamified, Interactive",Low dopamine/Motivation,"Chores, Daily tasks, Email management",The Anti-Planner,Free,"gamification, motivation hack, time challenge","Create a visible 'Personal Records Board' in your home (whiteboard, chalkboard, or even just a piece of paper on the fridge) where you track your best times/scores for 3-5 common tasks. The visual reminder triggers both the challenge and celebration aspects of this technique.","You've been putting off folding that mountain of laundry. You set a timer and see that you can fold 12 items in 5 minutes. You note this on a small whiteboard in your bedroom. Next laundry day, you challenge yourself: 'Can I fold 14 items in 5 minutes?' The game aspect makes you actually look forward to folding day to see if you can break your record."
Time Travel Visualization,"Use three-step mental time travel: 

1) Visualize yourself going through the actual process of completing the task
2) Imagine yourself in the future (in an hour, tomorrow, or next week) after completing it
3) Contrast this with how you'd feel after procrastinating

This complete visualization creates a mental rehearsal that makes starting feel familiar while highlighting the emotional benefits of action versus inaction.","Overwhelmed, Stuck","Avoidant, Can't Start",Technique,"Reflective, Visual",Task Initiation,"Breaking through procrastination, Cleaning your space, Getting unstuck or focused",The Anti-Planner,Free,"motivation, procrastination, visualization","Try the 2-minute future flip: 1 minute imagining the positive future outcome, 1 minute imagining the negative consequence, then immediately take one small action.","You're avoiding cleaning your home. Take a moment to: 1) Visualize yourself actually doing the cleaning steps (picking up items, wiping surfaces, seeing progress); 2) Imagine tomorrow having finished cleaning (enjoying your tidy space, feeling accomplished); and 3) Contrast this with having procrastinated (feeling stressed about the growing mess). This complete mental rehearsal makes starting feel easier and more familiar."
Prove-Me-Wrong Task Board,"Create a challenge board with tasks you've been avoiding. Frame each one as a bet against yourself: 'Bet you can't clean the bathroom today' or 'Bet you can't make those three calls.' Your brain naturally wants to prove the negative statement wrong, turning avoidance into motivation.",Unmotivated,"Avoidant, Bored, Can't Start","Challenge, Technique",Gamified,Task Initiation,"Breaking through procrastination, Making boring chores fun, Starting avoided tasks",The Anti-Planner,Free,"challenge, motivation, procrastination",,"When you're facing a pile of tasks you've been avoiding, create a simple board (paper or digital) with statements like 'Bet you can't reply to those 3 emails before lunch' or 'Bet you can't organize your desk for 10 minutes.' Your brain will naturally want to prove these statements wrong, turning avoidance into 'I'll show you I can!"
Avoidance Log,"Track which tasks you avoid and why you avoid them in a simple log. By identifying your specific avoidance patterns (like 'I always put off emails after 5pm'), you can recognize and outsmart your brain's procrastination tricks before they take over.",Unmotivated,"Avoidant, Can't Decide, Can't Start",Analysis,Reflective,Task Initiation,"After repeated avoidance, Pattern recognition, Weekly planning",The Anti-Planner,Free,"procrastination, task avoidance, task initiation",,"When you notice you've been avoiding the same type of task repeatedly (like writing work reports  or texting back friends), grab a notebook and create two columns: 'Task I Avoided' and 'Why I Think I Avoided It'. After logging a week of patterns, you might discover you always avoid reports because you're missing info or avoid texting because you're anxious about not having answers ready."
5-Minute Timer Trick,"Set a timer for just 5 minutes of work on that task you've been avoiding. Tell yourself ""I only have to do this for 5 minutes, then I can stop."" The magic is that once you start, your brain often gets over the hump and wants to keep going when the timer rings. No pressure though, even 5 minutes counts as a win.","Stuck, Unmotivated","Avoidant, Bored, Can't Start",Technique,"Gamified, Interactive",Task Initiation,"Beginning a big task, Housework, Low-energy day, Studying, Working through a boring task",The Anti-Planner,Free,"momentum, procrastination, starting tasks","Create a ""Task Initiation Station"" with a physical timer, favorite pens, and small rewards. When you need to start something difficult, go to this designated spot, set your timer for 5 minutes, and make it a consistent ritual that signals to your brain ""this is just a quick start, not a marathon commitment.""","You've been avoiding your tax paperwork for weeks, and just looking at the pile makes you want to run away. Instead of forcing yourself to ""just do it all,"" you set a timer for 5 minutes. ""I'll just sort these receipts for 5 minutes, then I can take a break."" Before you know it, the timer goes off and you're actually on a roll, so you decide to keep going for another 10 minutes."
Emergency Food Playbook,"When your brain can't decide what to eat, you need a pre-made list of no-brainer food options. Stick it on your fridge with super easy combos like ""crackers + cheese"" or ""microwave burrito + handful of baby carrots."" Having a food cheat sheet means you'll actually eat something when your brain is too fried to make decisions.","Burned Out, Overwhelmed","Avoidant, Can't Decide, Frozen/Shut Down","Environmental Shift, Technique","Creative, Reflective",Decision Fatigue,"Executive dysfunction moments, Low-energy day, Mealtime struggles",The Anti-Planner,Free,"decision fatigue, food, meal planning","Add photos of the meals/snacks next to their descriptions on your list. When decision fatigue hits, visual cues are processed more easily than text, making it even faster to choose something when you're hungry and brain-foggy.","You've been working all day and suddenly realize you're starving, but the thought of figuring out what to eat makes you want to just skip dinner. Instead, you glance at your Emergency Food Playbook on the fridge and pick ""option 3: frozen pizza + bagged salad."" There's no thinking required, you just follow the instructions your past self already figured out, and 15 minutes later, you're actually eating a decent meal."
Coin Flip Decision Hack,"Stuck between two options? Flip a coin! It either makes the decision for you, or - here's the magic - you'll feel instantly disappointed with the result and suddenly know what you actually wanted all along. Either way, you get unstuck in seconds.",Stuck,"Can't Decide, Can't Start, Frozen/Shut Down",Technique,"Gamified, Interactive",Decision Paralysis,"Breaking paralysis, Decision making, Task prioritization",The Anti-Planner,Free,"decision making, quick fix, starting tasks",Use a coin flip app on your phone with a satisfying animation and sound effect. The extra sensory feedback makes this technique even more engaging and less likely to be dismissed by your ADHD brain.,"You've been staring at your to-do list for 15 minutes, unable to decide between starting the email or the report. Grab a coin, assign heads to the email and tails to the report. When it lands on tails and you feel slightly disappointed, you realize you actually wanted to tackle the email first. Decision made in 5 seconds flat!"
Dice Roll Decision Maker,"When you can’t decide where to start, assign each task or option a number and roll a die. Let the dice choose for you, which removes the stress of choosing and gets you moving (plus, the randomness can make starting more playful).",Stuck,"Can't Decide, Frozen/Shut Down",Challenge,Gamified,Decision Paralysis,"Can’t decide where to start, Feeling stuck and indecisive""",The Anti-Planner,Free,"decision making, indecision, quick fix",Keep a die or dice roller app visible on your desk or phone home screen as a visual reminder of this strategy. You could also use specialty dice (like D20s from games) to make the process more visually engaging and dopamine-triggering.,"You have six tasks on your to-do list and feel stuck deciding which one to tackle first. You number each task 1-6, grab a die from a board game, and roll. The die shows a 4, so you start with task #4. The random selection bypasses your brain's decision paralysis, and you're able to get started right away."
Coin Flip Decision Maker,"Flip a coin or spin a coin on a surface to decide what to do next when you’re stuck between options. This simple random choice removes decision paralysis, and if you find yourself hoping for a particular outcome while it’s in the air, you’ve learned what you actually want.",Stuck,"Can't Decide, Frozen/Shut Down","Challenge, Technique","Gamified, Reflective",Decision Paralysis,"Can’t decide where to start, Stuck between options",The Anti-Planner,Free,"decision making, indecision, quick fix","Consider adding a physical element to make this more engaging for ADHD brains. For example, suggest keeping a special ""decision coin"" in a visible place (like on a desk or in a wallet) as a physical reminder that this tool exists. The tactile experience of holding and flipping a physical coin can also provide sensory engagement that helps break through the mental paralysis of indecision.","You're standing in front of your closet, unable to decide between two outfits for an important meeting. You pull out a coin and assign heads to one outfit, tails to the other. As the coin flips through the air, you find yourself hoping it lands on heads, and that's your answer, regardless of what the coin actually shows."
Time Sink Awareness,"Write down your top 3 time drains (TikTok, Reddit rabbit holes, etc.) and hang it somewhere visible. Just naming them creates awareness so you can catch yourself mid-scroll and think, 'Oh wait, this is one of my traps.' Then you can make conscious decisions about continuing or redirecting yourself.","Guilty, Scattered, Stuck","Avoidant, Can't Finish, Can't Focus","Mindset Reframe, Technique",Reflective,Time Blindness,"Productivity Improvement, Study sessions, Work focus",The Anti-Planner,Free,"distraction management, focus technique, time awareness","After identifying your time sinks, create visual speed bumps that force you to pause before engaging—like a homescreen folder named 'Time Sink Apps?' for social media, or a sticky note on your TV remote asking 'Is now really game time?'","You notice you keep missing deadlines on work projects. During a moment of clarity, you write down: '1. YouTube shorts - I lose hours here, 2. Reorganizing my notes instead of using them, 3. Texting conversations that spiral.' You put this list on a sticky note next to your monitor. Later that week, you catch yourself 20 minutes into YouTube and think, 'Oh right, this is my #1 time sink' and close the tab."
Scheduled Guilt-Free Breaks,"Your brain needs downtime before it crashes! Schedule short breaks like they're important meetings (because they are). When you rest on purpose instead of waiting until you're fried, you actually get more done. Your brain works better with regular recharge time.","Burned Out, Overwhelmed","Avoiding Routine, Can't Focus, Overcommitted",Technique,Reflective,Emotional Dysregulation,"Low-energy day, Work session",The Anti-Planner,Free,"burnout prevention, productivity, rest",Create visual break reminders like sticky notes or phone alarms with encouraging messages. Having external prompts helps because your hyperfocused brain often forgets to pause until it's too late.,"You've been working on a project for 2 hours straight and notice your focus slipping. Instead of pushing through, you set a timer for 15 minutes, step outside for fresh air, and return genuinely refreshed. The break feels good because it's planned, not a failure."
Distraction Tracker & Solution Finder,"Track things that frequently distract you (notifications, noises, random thoughts) and pair each with a specific solution (app blockers, noise-canceling headphones, a dedicated thought-capture notebook). Having pre-planned responses helps you manage distractions before they derail your focus.",Stuck,"Can't Focus, Disorganized, Scattered",Environmental Shift,Reflective,Executive Dysfunction,"Getting unstuck or focused, Overwhelmed and scattered, Planning session",The Anti-Planner,Free,"distractions, focus, planning",Add a visual component by creating a two-column table or using color-coding to match distractions with solutions. Visual organization makes it easier to quickly find solutions when distracted without having to process a wall of text.,"You notice your phone notifications constantly break your focus. On your list, you write 'Phone notifications → Use Focus Mode and place phone in another room during deep work time.' When writing, you realize YouTube rabbit holes waste hours, so you add 'YouTube → Install browser extension that blocks recommended videos.'"
Micro-Meditation,"Skip the 30-minute silent sessions—try 2-5 minute meditations that actually work for ADHD brains. Focus on your breath for just 10 breaths, use a guided app with visuals, or take a mindful walk. It's like a quick reset button for your racing thoughts, not another chore on your list.",Overwhelmed,"Anxious, Can't Focus, Spiraling",Technique,"Reflective, Sensory",Emotional Dysregulation,"Anxiety moments, Before difficult tasks, Overwhelm recovery","ADHD 2.0, The Anti-Planner",Free,"anxiety, grounding, mindfulness","Add movement to your meditation by trying a ""walking meditation"" where you focus on the sensation of each step, or use breathing patterns with hand movements (like tracing a square in the air as you breathe in for 4, hold for 4, out for 4, hold for 4).","You're about to make a phone call you've been avoiding, and your heart is racing. Instead of pushing through anxiously, you take 60 seconds to focus on your breath, just counting ""in"" for 4, ""out"" for 6. After just a few rounds, your mind feels clearer and your body less tense."
Help-Asking Script,"Instead of silently struggling, write down exactly who could help and what you need from them. Having a mini-script ready makes the actual asking part less scary, and you're way more likely to actually reach out when you need it.","Ashamed, Overwhelmed","Anxious, Avoidant, Frozen/Shut Down",Technique,"Creative, Reflective",Rejection Sensitivity,"Burnout recovery, Getting unstuck",The Anti-Planner,Free,"asking for help, scripts, support","Create a small template in your notes app with fill-in-the-blank sections: ""I need help with _____. [Person] could help by _____. I will ask them by [method] on [day]."" The template removes the intimidating blank page and turns help-seeking into a quick form to complete.","You've been struggling with a work project for days and feel paralyzed. Instead of continuing to suffer, you take 5 minutes to write: ""Hey [supervisor's name], I'm working on the quarterly report and I'm stuck on the data visualization section. Could we schedule 15 minutes to go over it together? I specifically need help deciding which charts would best show the regional comparison."" Having this ready makes the actual asking feel doable."
Negative Thought Spotter,"Catch and challenge your negative thought patterns like “I always fail” or “This will be a disaster.” Write down the thought, identify which trap it falls into (catastrophizing, black-and-white thinking), and create a more realistic alternative that's still true.","Anxious, Discouraged, Hopeless","Anxious, Frozen/Shut Down, Spiraling",Analysis,Reflective,Emotional Dysregulation,"After making mistakes, Before important events, During self-doubt moments","CBT, The Anti-Planner",Free,"negative thoughts, reframing, self-talk",,"When you bomb a presentation and think “I'm terrible at this, I'll never succeed,” you can write down this thought and identify it as 'black and white thinking' or 'overgeneralizing.' Then create a more balanced thought like: “That presentation didn't go as planned, but I've given successful ones before. I can learn from this experience and do better next time.”"
Body Scan,Check in with each part of your body (feet to head) when feeling overwhelmed or anxious. Spend 10-30 seconds noticing sensations in each area without judgment. This quick grounding technique pulls your attention away from racing thoughts and back to the present moment.,Overwhelmed,"Anxious, Sensory Overload, Spiraling",Technique,Reflective,Emotional Dysregulation,"Anxiety moments, Before difficult tasks, Overwhelm recovery","Look-Up Source, The Anti-Planner",Free,"anxiety, grounding, mindfulness",,"When you feel your thoughts racing before a meeting, take 2 minutes to scan your body. Start with your toes, are they tense or relaxed? Move to your legs, stomach, chest, hands, arms, shoulders, neck, and finally your face. For each area, just notice without trying to change anything. You might realize your shoulders are by your ears or your jaw is clenched, this awareness alone often helps your body naturally release tension."
Future Self Check-In: Will This Matter?,"When your brain is stuck in panic mode about a mistake or problem, take a deep breath and ask yourself: ""Will this matter in a week? A month? A year?"" This quick reality check helps your anxious brain zoom out from the tiny details and see that most ""disasters"" are actually pretty small in the grand scheme of things.",Overwhelmed,"Anxious, Frozen/Shut Down, Spiraling",Mindset Reframe,Reflective,Emotional Dysregulation,"Breaking decision paralysis, Handling mistakes, Perfectionism spirals",The Anti-Planner,Free,"anxiety relief, perfectionism hack, perspective shift",Write your time-perspective questions on a colorful sticky note and keep it visible at your desk or on your phone wallpaper. Having a physical reminder of this technique makes it much easier to remember when you're in the middle of an emotional storm.,"You're panicking because you sent an email with a small typo to your boss. Your heart is racing and you can't stop thinking about how they'll judge you. Instead of spiraling, you ask: ""Will this typo matter in a month?"" Realizing it probably won't even matter in a week helps your breathing slow down and lets you refocus on your next task instead of dwelling on something so small."
Thought Reframing Challenge,"Jot down those nasty thoughts you tell yourself, then immediately challenge each one with a more balanced truth. When your brain says ""I'm lazy,"" counter with evidence like ""I worked until midnight on my project last week."" Simple two-column format helps interrupt shame spirals when they start.",Discouraged,"Anxious, Depressed/hopeless, Spiraling",Mindset Reframe,Reflective,Emotional Dysregulation,"After making mistakes, Low-energy day, Rejection recovery",The Anti-Planner,Free,"cognitive reframing, negative thoughts, self-compassion",Create a pre-filled template with two columns (Negative Thought/Balanced Response) and add colorful highlighting for the balanced responses to make them visually pop on the page.,"You're reviewing feedback on a project and your brain immediately jumps to ""I'm terrible at my job."" You pause, write this thought down, then counter with ""The feedback included three positive points, and the suggestions for improvement were things I can easily fix."""
5-4-3-2-1 Sensory Grounding,"When your mind's racing, count down with your senses: find 5 things you see, 4 you can touch, 3 you hear, 2 you smell, and 1 you taste. This quick sensory exercise pulls you back to the present moment when you're spiraling.",Overwhelmed,"Anxious, Frozen/Shut Down, Spiraling",Technique,"Reflective, Sensory",Emotional Dysregulation,"Anxiety managment, Panic response","Look-Up Source, The Anti-Planner",Free,"anxiety, grounding, mindfulness",Add a physical component by counting on your fingers as you go through each sense. The tactile feedback helps keep you engaged with the exercise when your mind wants to race away.,"You're at a busy store when you suddenly feel overwhelmed and panicky. You find a quiet corner and start your countdown: spot 5 items on a nearby shelf, touch 4 different textures (your jacket, a shopping cart, your keys, your hair), listen for 3 distinct sounds, identify 2 scents, and finally notice the taste in your mouth. Within a minute, your breathing slows and you feel more centered."
Self-Forgiveness Reset,"When ADHD traits cause a slip-up, consciously practice self-forgiveness by literally saying, ""I'm human and I forgive myself for this."" This simple reset breaks the shame spiral that keeps you stuck, allowing you to move forward instead of dwelling on mistakes.",Ashamed,"Avoidant, Frozen/Shut Down, Spiraling",Mindset Reframe,Reflective,Emotional Dysregulation,"After making mistakes, Breaking shame cycles, Recovering from setbacks",The Anti-Planner,Free,"recovery, self-compassion, shame","Create a physical ""forgiveness token"" (like a special stone or notecard) that you can hold when practicing self-forgiveness. The tactile element helps anchor the mental practice and makes it feel more concrete.","You missed an important deadline yesterday and have been avoiding your email all morning. Instead of continuing to hide from the consequences, pause and say out loud: ""I'm human and I forgive myself for missing this deadline. My ADHD made this harder, but beating myself up won't fix it."" Then immediately write a brief email acknowledging the missed deadline and providing a new timeline."
Draw Your Feels,"When emotions feel too big or complicated to put into words, grab paper and draw them using colors, shapes, or simple scribbles. This bypasses verbal processing blocks and gives your brain a concrete way to release emotional overwhelm without having to explain yourself.",Overwhelmed,"Anxious, Frozen/Shut Down, Spiraling",Technique,Creative,Emotional Dysregulation,"Emotionally overwhelmed, Feeling discouraged",The Anti-Planner,Free,"art therapy, emotions, non-verbal","Keep a designated 'feelings art kit' in an easily accessible spot with simple supplies (markers, colored pencils, paper) so there's zero setup barrier when emotions are already overwhelming. No need for fancy art supplies or perfectionism—the messier, the better!","You're feeling a jumble of emotions after a difficult work meeting and can't find the words to explain what's happening. Instead of trying to talk it out, you grab paper and markers. You draw jagged red lines for anger, a heavy blue circle for sadness, and small green spirals for anxiety. As you draw, you notice your breathing slows down and the emotions feel more contained on the page rather than overwhelming your mind."
Hammock Reset,"When your brain feels fried, escape to a hammock for 15-30 minutes. The gentle rocking motion literally resets your nervous system, while the cocoon feeling creates a break from the world. Bonus points if you can find a sunny spot.","Frazzled, Overstimulated","Anxious, Can't Focus, Sensory Overload",Technique,"Embodied, Sensory",Overstimulation,"Overwhelm recovery, Recharge moments, Sensory breaks",Reddit /r/ADHDWomen,$$,"rest, self-regulation, sensory reset","Keep a weighted blanket near your hammock. The extra pressure can enhance the calming effect when you're especially overstimulated, creating a perfect sensory cocoon.","You've been bombarded with emails, calls, and people asking questions all morning, and your brain feels like static. Instead of pushing through, you step outside to your hammock for 20 minutes. As you sway gently, you notice your breathing slow down and your thoughts become clearer. By the time you return inside, you're actually able to focus on your next task."
Personal Burnout Radar,"Create a personalized list of your unique burnout warning signs (irritability, forgetting to eat, avoiding texts). By spotting these early signals, you can take a strategic pause before hitting complete exhaustion, which is much harder to recover from.",Burned Out,"Avoiding Routine, Overcommitted, Sleep Issues","Analysis, Technique",Reflective,Emotional Dysregulation,"High-stress periods, Work-life balance",The Anti-Planner,Free,"burnout, prevention, self-awareness",,"When you notice you've skipped lunch three days in a row, haven't returned any texts, and feel irritated by small noises (your personal warning signs), you know it's time to implement your 'burnout prevention plan.' This might mean canceling one commitment this weekend, scheduling a proper meal, or taking a mental health afternoon. You catch it early before you reach full shutdown mode."
Must-Haves First Method,Split your massive to-do list into two columns: 'must-haves' (the bare minimum for success) and 'nice-to-haves' (the extra stuff). Focus only on finishing the must-haves first—this gives you permission to stop when you're exhausted and still feel accomplished instead of defeated.,"Overwhelmed, Stuck","Can't Decide, Can't Finish, Overcommitted","Mindset Reframe, Technique",Reflective,Perfectionism,"Event Organizing, Overwhelm recovery, Project Planning",The Anti-Planner,Free,"perfectionism hack, prioritization",Use different colored markers or highlighters for your 'must-have' and 'nice-to-have' lists to create visual separation that makes it easier for your brain to focus on the priority items first.,"You're hosting a dinner party and feeling swamped with your to-do list. You grab a piece of paper and draw a line down the middle. On the left, you list must-haves: 'clean bathroom, prepare main dish, have drinks.' On the right, you list nice-to-haves: 'fancy appetizers, themed playlist, decorations.' You focus on completing just the left column first, knowing that even without the extras, your gathering will be a success."
Crisis Mode Productivity,"When your personal life is imploding, work and home responsibilities don't magically stop. Cut your to-do list down to only what's truly essential, tell your team you're operating at reduced capacity, and work in 15-minute chunks with breaks. This isn't about thriving, it's about surviving until the storm passes.","Chaotic, Overwhelmed","Anxious, Can't Focus, Overcommitted","Mindset Reframe, Technique",Reflective,Emotional Dysregulation,"High-stress periods, Life transitions, Personal crisis",The Anti-Planner,Free,"crisis management, minimum viable, work","Create a ""crisis mode"" template with pre-written language for communicating boundaries to colleagues and a simplified daily planner that only has space for 3 essential tasks. Having this ready means you don't have to think about how to scale back when you're already overwhelmed.
","You're dealing with a family emergency that's consuming all your emotional bandwidth, but you still have deadlines at work. Instead of trying to maintain your normal productivity, you email your boss: ""I'm dealing with a personal situation and will be operating at reduced capacity this week. I'll focus on completing the client proposal and weekly report, but may need to postpone the department presentation."" Then you set a timer for 15-minute work sprints followed by 5-minute breaks to manage your fractured attention."
Strategic Task Elimination,"Stop forcing yourself to do tasks that drain you. Instead, ask: ""Can I eliminate this completely?"" Buy no-iron clothes if you hate ironing. Send an email instead of attending a meeting. Your limited energy deserves to go toward what actually matters, not what you think you ""should"" do.","Burned Out, Overwhelmed","Avoidant, Can't Start, Overcommitted",Mindset Reframe,Reflective,Decision Paralysis,"Feeling buried by responsibilities, Overwhelm recovery, Sunday reset",The Anti-Planner,Free,"boundaries, energy management, simplification","Create a ""Permission Slip"" template that explicitly authorizes you to drop or modify specific tasks. This external validation combats the shame and guilt that often accompanies saying ""no"" or finding shortcuts. Your slip might read: ""I, [name], give myself full permission to order takeout on Thursdays instead of cooking, without guilt or explanation.""","You've been dreading weekly meal prep because you hate chopping vegetables. Instead of forcing yourself and then avoiding it anyway, you give yourself permission to buy pre-chopped vegetables. Yes, they cost more, but the relief you feel and the fact that you actually cook healthy meals now makes it worth it. You're not being lazy, you're being strategic about where your energy goes."
Commitment Audit: What Actually Matters?,"Create a list of all your current commitments and honestly ask yourself: 'Do I truly want or need this?' Use a simple yes/no/maybe system to quickly identify what to keep, delegate, or drop, freeing yourself from obligation overload.",Overwhelmed,Overcommitted,Technique,Reflective,Decision Paralysis,"Feeling buried by responsibilities, Sunday reset",The Anti-Planner,Free,"boundaries, overwhelm, prioritization","Add a visual element to make this more engaging - suggest using a simple 2-column format with ""Keep"" and ""Let Go"" headings, or a traffic light system (Green = Hell yes!, Yellow = Maybe/Delegate, Red = No/Drop it). This provides a clear visual structure that helps an ADHD brain categorize commitments without getting stuck in analysis paralysis.","You sit down with a cup of tea and list all 15 projects and commitments currently on your plate. As you evaluate each one asking 'Do I truly want or need this?', you realize three committee roles can be resigned from, two projects can be postponed, and one can be delegated. You immediately feel lighter knowing you're focusing on what actually matters."
Morning Person Hacks,"Your brain hates mornings, so outsmart it. Put your alarm across the room so you physically have to get up, bribe yourself with a special breakfast you can only have before 9am, or use an alarm app that makes you solve a puzzle to turn it off. These little tricks force your groggy brain into action when willpower just isn't cutting it.","Stuck, Unmotivated","Avoiding Routine, Can't Start, Sleep Issues",Technique,"Gamified, Interactive",Task Initiation,"Early commitments, Morning Routine, Sleep reset",The Anti-Planner,Free,"morning routine, sleep, waking up","Set up a ""morning launch pad"" the night before: lay out clothes, prepare breakfast items, pack your bag, and write a simple 3-step morning checklist. This removes decision fatigue when you're at your groggiest and creates a visual pathway that your sleepy brain can follow on autopilot.","Your friend invited you to a 7am yoga class but your body refuses to function before 9am. Instead of setting five alarms that you'll snooze through, you place your phone across the room with an alarm that requires solving math problems to turn off. Next to it, you've set out your favorite mug and a special coffee you only allow yourself before 8am. The combo of having to physically get up, engage your brain with a puzzle, and the reward of special coffee creates just enough momentum to get you moving."
Low Energy Emergency Kit,"Some days your brain is just offline. For those zombie days, have a pre-made plan with your bare minimum tasks, easy snacks, and permission to do the simple stuff. It's like having training wheels for your brain when it refuses to wake up.","Burned Out, Unmotivated","Can't Focus, Can't Start, Sleep Issues",Technique,"Reflective, Sensory",Low dopamine/Motivation,"Low-energy day, Morning Fog, Productivity Minimus",The Anti-Planner,Free,"brain god, low energy, survival mode","Put your Low Energy Kit in a brightly colored folder or create a dedicated note on your phone that you can easily spot. When you're foggy, even finding your plan can be too much work, so make it visually impossible to miss.","You wake up feeling like your brain is wrapped in cotton, but you have to work today. Instead of panicking, you pull out your prepared Low Energy Kit: a list with only 3 must-do tasks for the day, your favorite iced coffee recipe, a 15-minute upbeat playlist, and permission to wear comfortable clothes. Even in zombie-mode, you can follow these simple instructions and still feel like you accomplished something."
Strategic Outsourcing,"Strategically pay for help with tasks that drain you most, like cleaning, laundry, yard work, or meal prep. Instead of feeling guilty about it, think of it as buying back time and mental energy for things your brain actually enjoys or excels at","Burned Out, Overwhelmed","Avoidant, Can't Start, Messy","Environmental Shift, Mindset Reframe",Reflective,Executive Dysfunction,Delegating energy-draining tasks,ADDitude Magazine,$$$$,"delegation, home management",Start small by outsourcing just ONE task that consistently causes you the most stress or avoidance—the one with the biggest emotional 'return on investment.' This makes it easier to justify the expense and clearly see the benefits.,"You realize you've been spending every Sunday dreading and avoiding the laundry pile, which then makes you feel guilty and ruins your weekend. You decide to use a wash-and-fold service twice a month ($30 each time) and discover that removing this one task dramatically improves your weekend mood and gives you energy for activities you actually enjoy."
15-Minute Speed Clean,"When your place is a disaster but you can't deal with a full cleaning session, set a timer for just 15 minutes. Focus only on what you can see (counters, floors, tables) and move fast. It's not about perfection—it's about making your space feel less chaotic so your brain can relax.","Chaotic, Overwhelmed","Avoidant, Can't Start, Messy","Challenge, Technique","Embodied, Gamified",Task Initiation,"Cleaning your space, Low-energy day, Restoring Focus, Surprise Visitors",The Anti-Planner,Free,"home mess, quick clean, timer method","Create a ""blitz bin"", a basket or box where you can quickly toss items that don't have an obvious home during your speed clean. This prevents getting stuck on decisions about where things should go, keeping your momentum going. You can sort the bin later (or not).","You've been avoiding your living room for days because it's become a complete disaster zone. Instead of continuing to ignore it (or spending hours cleaning), you set your phone timer for 15 minutes. You grab a laundry basket for anything that belongs elsewhere, quickly clear visible surfaces, and do a fast sweep. When the timer goes off, you're done, perfect or not. Your space feels significantly better, and you didn't get stuck in cleaning perfectionism."
Hang Pants on Shower Rings,"Use shower curtain rings to hang your pants in the closet (instead of folding or using pant hangers). It’s less effort and keeps them visible, so you don’t forget what you have.",Disorganized,"Avoidant, Disorganized, Messy",Environmental Shift,Creative,Executive Dysfunction,"Clothes organization, Laundry day, Low effort upkeep",Reddit /r/ADHD,$,"closet hack, clothing, laundry","Get colorful shower rings so you can color-code your pants (blue for jeans, black for work pants, etc.). The visual sorting makes it even easier to grab what you need when you're rushing in the morning.","You've been avoiding putting away your clean laundry for three days because folding pants is tedious. Instead of letting the pile grow, you grab a pack of shower rings from the dollar store, clip them onto a hanger, and loop each pant through a ring by the belt loops. Five minutes later, your pants are hung up, visible, and your floor is clear."
15-Minute Fridge Rescue Challenge,"Turn cleaning your fridge into a beat-the-clock game: set a timer for 15 minutes and race to toss expired stuff, wipe down shelves, and group similar items together. The time limit tricks your brain into focusing on just one small space instead of feeling overwhelmed by ALL the cleaning.","Overwhelmed, Stuck","Avoidant, Can't Start, Messy",Challenge,Gamified,Task Initiation,"Breaking through procrastination, Low-energy day, Sunday reset","How to Keep House While Drowning, The Anti-Planner",Free,,"Add a visual reward system: take a quick 'before' photo of your messy fridge, then an 'after' photo when your timer ends. Save these in a 'Victories' album on your phone to build evidence of your capability. Also, practice self-forgiveness when throwing away expired food by saying 'I'm releasing this without judgment and making space for fresh food' instead of beating yourself up about waste. The shame around wasted food often makes us avoid cleaning the fridge altogether, creating a worse cycle","You've been avoiding opening the fridge because you know there's science experiments growing in there. Set your phone timer for 15 minutes and commit to just that much time. Start by quickly grabbing all obvious trash and expired items, then do a fast wipe of any sticky spots, and finally group similar items together. When the timer goes off, you're DONE, even if it's not perfect. The relief of having a functional fridge again will feel amazing."
ADHD-Friendly Environment Design,"Strategically arrange your physical space to work with your ADHD brain instead of against it. Place frequently used items in visible spots, reduce visual clutter in work areas, and create environmental cues that naturally guide you toward desired behaviors without relying on memory or willpower.",Overwhelmed,"Can't Focus, Disorganized, Messy",Environmental Shift,Creative,Task Initiation,"Getting unstuck or focused, Overwhelmed and can't think""",The Anti-Planner,Free,"environment, organization, workspace",Take before/after photos of each environmental change you make to provide visual reinforcement and dopamine hits that encourage maintaining the new setup.,"You notice you're constantly losing your keys and getting frustrated. You create a colorful key hook by your door and make it a rule to hang keys there immediately when entering. Within days, the morning panic subsides as your environment is now working with your brain instead of against it."
Dawn Powerwash Dish Spray,"Spray-on dish soap that transforms dreaded dishwashing by eliminating the need for scrubbing and soaking. Lowers the task initiation barrier, provides immediate visual feedback as food dissolves away, and turns a multi-step chore into a quick spray-and-rinse process that requires less executive function to complete.",Overwhelmed,"Avoidant, Can't Start, Messy",Product,Embodied,"Low dopamine/Motivation, Task Initiation",Chores on low-energy days,ADHD forums,$,"cleaning, dishes","Store it visibly by the sink as a visual cue/reminder, and pair it with colorful dish gloves to make the task more appealing to the ADHD brain.","You notice dishes piling up but don't have the energy for a full sink wash. Instead of avoiding it completely, you grab the spray bottle and quickly treat a few essential items without the usual scrubbing hassle."
Evening Reset: Bare-Minimum Closing Duties,"Create a short list of bare-minimum tasks to complete every evening (like clearing dishes, taking out trash) as a kindness to 'tomorrow you.' Inspired by restaurant closing duties, this ensures mornings start with less chaos.",Overwhelmed,"Avoiding Routine, Disorganized, Messy","Mindset Reframe, Technique","Embodied, Reflective","Emotional Dysregulation, Task Initiation","Cleaning your space, Gentle Routines, Low-energy day",How to Keep House While Drowning,Free,"evening routine, minimal tasks, tomorrow self",I'd suggest adding a visual element - perhaps recommending that users create a physical checklist (or laminated card) with their 3-5 closing duties that they can physically check off each night. The tactile satisfaction of checking items off provides dopamine and creates a visual reminder system that's particularly helpful for ADHD brains.,"You create a list of just 3 tasks: loading the dishwasher, wiping kitchen counters, and laying out tomorrow's clothes. Even on your most exhausted days, you complete these tasks before bed, knowing morning. You will thank you for the clean kitchen and ready outfit."
Cleaning Scavenger Hunt,"Gamify cleaning by treating it like a scavenger hunt, make a list of specific items or types of clutter to find and put away (e.g., ""find 5 cups"" or ""pick up 10 clothing items""). The focused search-and-complete format makes cleaning feel achievable and even fun.",Overwhelmed,"Can't Start, Messy",Environmental Shift,"Embodied, Gamified",Task Initiation,"Cleaning your space, Low-energy day",The Anti-Planner,Free,"cleaning, gamification, motivation",,"You walk into your messy living room feeling overwhelmed. Instead of trying to clean everything, you make a quick list: '5 items that belong in the kitchen, 3 pieces of mail to sort, 7 random objects to put away.' You set a 15-minute timer and tackle just these specific items, which gets you moving without the pressure of cleaning the entire space."
PARA Digital Organization,"Sort your digital chaos into just four buckets: Projects (things with deadlines), Areas (ongoing responsibilities), Resources (reference material), and Archive (stuff you're done with). This simple framework helps your ADHD brain actually find things when you need them instead of having 57 random folders.","Overwhelmed, Scattered","Can't Find Things, Disorganized, Forgetful",Environmental Shift,Reflective,Working Memory Failures,"Digital Organization, Overwhelm recovery, Work productivity",Building A Second Brain,Free,"digital organization, file management, note taking","Use visual cues to distinguish your four folders—different colors, icons, or even emojis. For example: 🚀Projects, 🔄Areas, 📚Resources, and 🗄️Archive. This makes the system more visually intuitive and reduces the cognitive load of deciding where something belongs.","You realize you've been saving important documents in random places and can never find them when needed. You create four folders on your desktop: 'Projects' (for your active work), 'Areas' (for ongoing things like finances), 'Resources' (for reference materials), and 'Archive' (for completed projects). When your boss asks for last month's report, you immediately know to check your Archive folder instead of frantically searching everywhere."
Task Context Grouping,"Group your to-dos by context (Calls, Computer, Errands, Home) instead of one giant list. When your brain's ready to make calls, you can knock out five call tasks in a row while you're in that zone. It's like sorting laundry first – way easier than randomly grabbing one sock at a time from a mixed pile.","Overwhelmed, Scattered","Can't Decide, Can't Start, Disorganized",Technique,"Interactive, Visual",Task Initiation,"Feeling overwhelmed, Planning session, Sunday reset",The Anti-Planner,Free,"organization, task batching, to-do lists","Add visual cues like colors or icons to each category to make them instantly recognizable. For digital lists, use emoji prefixes like 📞 for calls, 💻 for computer tasks, 🚗 for errands, and 🏠 for home tasks.","You're staring at your list of 20 random tasks feeling completely stuck. Instead of forcing yourself to tackle them in order, you grab colored markers and group them: ""Phone"" (blue) for calls you need to make, ""Computer"" (green) for online tasks, ""Errands"" (red) for things requiring you to go out, and ""Home"" (orange) for household tasks. Now you can pick all blue tasks when you're ready to make calls, knocking out 5 calls in one focused burst."
Visual Task Board ,"Set up three columns (To-Do, Doing, Done) and move sticky notes or digital cards as you work. It's like giving your brain permission to focus on one thing at a time, plus that little dopamine hit when you physically move something to ""Done."" Works on a whiteboard, wall, or in any app with columns.","Overwhelmed, Scattered","Can't Finish, Can't Focus, Disorganized",Technique,"Interactive, Visual",Task Initiation,"Overwhelmed days, Project management, Weekly planning","Look-Up Source, The Anti-Planner",Free,"task management, visual organization, workflow","Add color-coding to your tasks (red for urgent, yellow for medium priority, green for quick wins) and limit your ""Doing"" column to a maximum of 2-3 items to prevent task-switching and overwhelm.","You're staring at 15 different tasks and feeling stuck. Instead of trying to juggle everything mentally, you grab sticky notes and write one task per note. After arranging them in your three columns, you pick just one from ""To-Do"" to move into ""Doing."" The physical act of moving tasks across the board gives your brain concrete evidence of progress."
Eisenhower Matrix,"Sort your tasks into a simple 2×2 grid: urgent+important (do now), important but not urgent (schedule), urgent but not important (delegate if possible), and neither (eliminate). This visual sorting helps your brain see what actually matters versus what just feels pressing in the moment.","Overwhelmed, Scattered","Can't Decide, Disorganized, Overcommitted",Technique,"Reflective, Visual","Decision Paralysis, Task Initiation","Feeling overwhelmed, Planning session, Sunday reset","Look-Up Source, The Anti-Planner",Free,"decision-making, prioritization, task management","Create a physical or digital color-coded template (red = do now, yellow = schedule, blue = delegate, green = eliminate) that you can reuse. Having a consistent visual system reduces the mental effort needed to prioritize and makes the process more dopamine-friendly.","You feel paralyzed by your to-do list with 20+ items. Instead of trying to tackle everything, you draw a cross on a piece of paper creating four boxes. You write each task in one of the quadrants: 'Finish client presentation' goes in important+urgent; 'Research new software' in important+not urgent; 'Reply to marketing email' in urgent+not important; 'Browse Twitter updates' in neither. Suddenly you can see that only 3 items truly need your attention today, and the rest can be scheduled, delegated, or dropped."
Shower Toothbrush ,"Keep a toothbrush and toothpaste in the shower. This way, if you forget or procrastinate on brushing teeth, you'll see it during your shower routine and can brush while you're in there. It bundles a daily task with an existing habit and makes use of time when you're essentially idle.","Overwhelmed, Unmotivated","Avoiding Routine, Can't Start, Forgetful",Technique,Environmental Shift,Executive Dysfunction,"Brushing teeth, Morning/Evening routine",Reddit /r/ADHDWomen,"$, Free","hygiene, task bundling, visual cues",Add a waterproof timer or use a brightly colored toothbrush that stands out visually to make it even more noticeable. The bright color creates a visual trigger that's hard to ignore.,"You can keep a small plastic basket with your toothbrush and toothpaste suction-cupped to your shower wall. When you're already in the shower with warm water running, it feels so much easier to just grab the brush and get it done while you're standing there anyway."
Key Lanyard System,"Attach your keys to a lanyard or wristlet that you wear or hang on your bag. Your keys are either in use or physically connected to you – no more putting them down ""just for a second"" and losing them. It's a physical reminder system that eliminates the ""where did I put them?"" panic.","Forgetful, Frazzled","Disorganized, Forgetful, Missed appointments","Product, Technique",Sensory,Working Memory Failures,"Leaving home, Morning Routine, Running errands",Reddit /r/ADHDWomen,$,"key tracker, leaving home, lost items","Choose a lanyard with a unique texture or bright color that provides visual and tactile feedback. Add a small charm or accessory that makes a subtle sound when you move, providing an additional sensory reminder.","You're rushing to get to an appointment and can't find your keys. Instead of frantically searching, you remember they're attached to the bright lanyard hanging from your bag's side pocket – right where they always are when not in use."
Fridge Door Inventory Tracker,Stick a whiteboard on your freezer door to track what's inside without digging through icy chaos. Just write down items as you add them and cross them off as you use them. Your future hungry self will thank you!,"Overwhelmed, Scattered","Disorganized, Forgetful, Poor Time Estimation",Environmental Shift,Visual,Working Memory Failures,"Low-energy day, Meal planning",Reddit /r/ADHDWomen,$,"food waste, fridge, organization","Add a ""use by"" date column to your tracker and organize items by expiration date. This creates a visual urgency cue for items that need to be used soon, preventing food waste and reducing decision fatigue when meal planning.","You buy groceries and freeze half that chicken for ""later,"" only to discover it months later hidden under frozen vegetables. With your door tracker, you write ""2 chicken breasts (back left)"" when you put them in, and actually remember to use them before they get freezer burn."
Doorway Reminder Board,"Hang a whiteboard or checklist by your front door listing the essentials you need whenever you go out (wallet, phone, keys, meds, etc.). A quick glance as you leave ensures nothing important is forgotten.","Overwhelmed, Scattered","Disorganized, Forgetful",Environmental Shift,Visual,Working Memory Failures,"Leaving the house, Morning Routine",Reddit /r/ADHDWomen,$,"forgetting, leaving home, reminders","Add a small basket or hook directly beneath the reminder board to create a designated 'landing zone' for your essential items. This pairs the visual reminder with a physical home for these objects, creating a complete system where you always know where to find AND remember your items.","You've been late to three appointments this month because you forgot your wallet or keys. Now, you have a small whiteboard by your door with checkboxes for 'Phone, Wallet, Keys, Water bottle, Meds.' Before leaving, you quickly scan the list and realize you left your wallet on the nightstand. This 5-second check saves you from having to drive back home halfway to your meeting."
Evidence Journal,"Document your wins and successes in a dedicated journal, no matter how small. When self-doubt creeps in, flip through your collection of evidence that proves you CAN do hard things. Take a quick 'victory lap' after completing tasks by writing what went well to build self-trust.",Discouraged,"Anxious, Can't Start, Depressed/hopeless",Technique,Reflective,Masking/Shame Cycles,"After completing hard tasks, Feeling like a failure, When self-doubt hits","Look-Up Source, The Anti-Planner",Free,"celebration, confidence, self-doubt","Create a digital photo album on your phone where you can quickly snap pictures of completed projects, certificates, positive feedback emails, or even just a clean kitchen after you've tackled the dishes. Visual evidence can be more powerful and quicker to access than written notes, especially when your brain is fighting against you.","You're sitting at your desk feeling like you'll never finish your project because 'you always fail.' Instead of spiraling, you open your Evidence Journal and read entries from the past month: 'I submitted three reports on time,' 'I figured out that complicated spreadsheet formula,' and 'I spoke up in the team meeting when I usually stay quiet.' The concrete proof reminds you that you ARE capable, giving you the confidence to break down your current task and take the first step."